file,sentiment,OLP
C:\Users\dario.marino5\Documents\R\proc-COD_2009_0001 COM_COM(2009)0014_EN.docx,0.196018360528661,2009_0001
C:\Users\dario.marino5\Documents\R\proc-COD_2009_0027 COM_COM(2009)0066_EN.docx,0.178145750880773,2009_0027
C:\Users\dario.marino5\Documents\R\proc-COD_2009_0028 COM_COM(2009)0091_EN.docx,0.121106107379948,2009_0028
C:\Users\dario.marino5\Documents\R\proc-COD_2009_0035 COM_COM(2009)0083_EN.docx,0.129171564019299,2009_0035
C:\Users\dario.marino5\Documents\R\proc-COD_2009_0042 COM_COM(2009)0121_EN.docx,0.0494548576942283,2009_0042
C:\Users\dario.marino5\Documents\R\proc-COD_2009_0051 COM_COM(2009)0151_EN.docx,0.0790246332676551,2009_0051
C:\Users\dario.marino5\Documents\R\proc-COD_2009_0064 COM_COM(2009)0207_EN.docx,0.159870832907925,2009_0064
C:\Users\dario.marino5\Documents\R\proc-COD_2009_0076 COM_COM(2009)0267_EN.docx,0.11633361272515,2009_0076
C:\Users\dario.marino5\Documents\R\proc-COD_2009_0077 COM_COM(2009)0268_EN.docx,0.0385249505229488,2009_0077
C:\Users\dario.marino5\Documents\R\proc-COD_2009_0089 COM_COM(2009)0293_EN.docx,0.159909958374002,2009_0089
C:\Users\dario.marino5\Documents\R\proc-COD_2009_0096 COM_COM(2009)0333_EN.docx,0.14925351795269,2009_0096
C:\Users\dario.marino5\Documents\R\proc-COD_2009_0099 COM_COM(2009)0362_EN.docx,0.0945349873331909,2009_0099
C:\Users\dario.marino5\Documents\R\proc-COD_2009_0105 COM_COM(2009)0382_EN.docx,0.11858095562633,2009_0105
C:\Users\dario.marino5\Documents\R\proc-COD_2009_0112 COM_COM(2009)0399_EN.docx,0.171368546992926,2009_0112
C:\Users\dario.marino5\Documents\R\proc-COD_2009_0116 COM_COM(2009)0406_EN.docx,0.103700888516501,2009_0116
C:\Users\dario.marino5\Documents\R\proc-COD_2009_0127 COM_COM(2009)0456_EN.docx,0.174364404599292,2009_0127
C:\Users\dario.marino5\Documents\R\proc-COD_2009_0128 COM_COM(2009)0459_EN.docx,0.0709861410581959,2009_0128
C:\Users\dario.marino5\Documents\R\proc-COD_2009_0138 COM_COM(2009)0510_EN.docx,0.130455282123699,2009_0138
C:\Users\dario.marino5\Documents\R\proc-COD_2009_0153 COM_COM(2009)0541_EN.docx,0.0928626221750815,2009_0153
C:\Users\dario.marino5\Documents\R\proc-COD_2009_0157 COM_COM(2009)0154_EN.docx,0.102634694368799,2009_0157
C:\Users\dario.marino5\Documents\R\proc-OLP_2009_0006 COM_COM(2009)0031_EN.docx,0.0644300012794688,2009_0006
C:\Users\dario.marino5\Documents\R\proc-OLP_2009_0010 COM_COM(2009)0035_EN.docx,0.180489632201767,2009_0010
C:\Users\dario.marino5\Documents\R\proc-OLP_2009_0047 COM_COM(2009)0139(COR1)_EN.docx,0.111095512902435,2009_0047
C:\Users\dario.marino5\Documents\R\proc-OLP_2009_0054 COM_COM(2009)0126_EN.docx,0.0536181188589204,2009_0054
C:\Users\dario.marino5\Documents\R\proc-OLP_2009_0057 COM_COM(2009)0189_EN.docx,0.156503108228521,2009_0057
C:\Users\dario.marino5\Documents\R\proc-OLP_2009_0058 COM_COM(2009)0195_EN.docx,0.109211367156944,2009_0058
C:\Users\dario.marino5\Documents\R\proc-OLP_2009_0059 COM_COM(2009)0197_EN.docx,0.171133566970083,2009_0059
C:\Users\dario.marino5\Documents\R\proc-OLP_2009_0063 COM_COM(2009)0217_EN.docx,0.115819434212652,2009_0063
C:\Users\dario.marino5\Documents\R\proc-OLP_2009_0070 COM_COM(2009)0223_EN.docx,0.178809049691043,2009_0070
C:\Users\dario.marino5\Documents\R\proc-OLP_2009_0091 COM_COM(2009)0340_EN.docx,0.176714306539269,2009_0091
C:\Users\dario.marino5\Documents\R\proc-OLP_2009_0107 COM_COM(2009)0384_EN.docx,0.140292985639334,2009_0107
C:\Users\dario.marino5\Documents\R\proc-OLP_2009_0108 COM_COM(2009)0363_EN.docx,0.128724554605358,2009_0108
C:\Users\dario.marino5\Documents\R\proc-OLP_2009_0129 COM_COM(2009)0477_EN.docx,0.139690443199503,2009_0129
C:\Users\dario.marino5\Documents\R\proc-OLP_2009_0131 COM_COM(2009)0482_EN.docx,0.0658081591431128,2009_0131
C:\Users\dario.marino5\Documents\R\proc-OLP_2009_0132 COM_COM(2009)0491_EN.docx,0.135461997944142,2009_0132
C:\Users\dario.marino5\Documents\R\proc-OLP_2009_0140 COM_COM(2009)0499_EN.docx,0.148498128182986,2009_0140
C:\Users\dario.marino5\Documents\R\proc-OLP_2009_0142 COM_COM(2009)0501_EN.docx,0.206055244894792,2009_0142
C:\Users\dario.marino5\Documents\R\proc-OLP_2009_0143 COM_COM(2009)0502_EN.docx,0.197550088739684,2009_0143
C:\Users\dario.marino5\Documents\R\proc-OLP_2009_0144 COM_COM(2009)0503_EN.docx,0.200130932745152,2009_0144
C:\Users\dario.marino5\Documents\R\proc-OLP_2009_0161 COM_COM(2009)0576_EN.docx,0.186106738502564,2009_0161
C:\Users\dario.marino5\Documents\R\proc-OLP_2009_0162 COM_COM(2009)0580_EN.docx,0.172598889792348,2009_0162
C:\Users\dario.marino5\Documents\R\proc-OLP_2009_0164 COM_COM(2009)0551(COR1)_EN.docx,0.156508061443429,2009_0164
C:\Users\dario.marino5\Documents\R\proc-OLP_2009_0165 COM_COM(2009)0554_EN.docx,0.166323807409104,2009_0165
C:\Users\dario.marino5\Documents\R\proc-OLP_2009_0173 COM_COM(2009)0593_EN.docx,0.166671797285678,2009_0173
C:\Users\dario.marino5\Documents\R\proc-OLP_2010_0004 COM_COM(2010)0012_EN.docx,0.174852366670157,2010_0004
C:\Users\dario.marino5\Documents\R\proc-OLP_2010_0036 COM_COM(2010)0054_EN.docx,0.0414480724145753,2010_0036
C:\Users\dario.marino5\Documents\R\proc-OLP_2010_0039 COM_COM(2010)0061_EN.docx,0.152992608408621,2010_0039
C:\Users\dario.marino5\Documents\R\proc-OLP_2010_0041 COM_COM(2010)0065_EN.docx,0.173251880806071,2010_0041
C:\Users\dario.marino5\Documents\R\proc-OLP_2010_0044 COM_COM(2010)0076_EN.docx,0.196944250599496,2010_0044
C:\Users\dario.marino5\Documents\R\proc-OLP_2010_0051 COM_COM(2010)0083_EN.docx,0.133824812773051,2010_0051
C:\Users\dario.marino5\Documents\R\proc-OLP_2010_0054 COM_COM(2010)0085_EN.docx,0.107336767846466,2010_0054
C:\Users\dario.marino5\Documents\R\proc-OLP_2010_0056 COM_COM(2010)0096_EN.docx,0.0203629687688454,2010_0056
C:\Users\dario.marino5\Documents\R\proc-OLP_2010_0059 COM_COM(2010)0102_EN.docx,0.129721909404942,2010_0059
C:\Users\dario.marino5\Documents\R\proc-OLP_2010_0063 COM_COM(2010)0117_EN.docx,0.131063177530895,2010_0063
C:\Users\dario.marino5\Documents\R\proc-OLP_2010_0064 COM_COM(2010)0094_EN.docx,0.0229789293269244,2010_0064
C:\Users\dario.marino5\Documents\R\proc-OLP_2010_0065 COM_COM(2010)0095_EN.docx,0.0191791049593907,2010_0065
C:\Users\dario.marino5\Documents\R\proc-OLP_2010_0073 COM_COM(2010)0132_EN.docx,0.0851615718382722,2010_0073
C:\Users\dario.marino5\Documents\R\proc-OLP_2010_0080 COM_COM(2010)0145_EN.docx,0.159822316310765,2010_0080
C:\Users\dario.marino5\Documents\R\proc-OLP_2010_0133 COM_COM(2010)0249_EN.docx,0.0817313200890412,2010_0133
C:\Users\dario.marino5\Documents\R\proc-OLP_2010_0147 COM_COM(2010)0273_EN.docx,0.0970849717290667,2010_0147
C:\Users\dario.marino5\Documents\R\proc-OLP_2010_0160 COM_COM(2010)0289_EN.docx,0.0860168752497249,2010_0160
C:\Users\dario.marino5\Documents\R\proc-OLP_2010_0162 COM_COM(2010)0302_EN.docx,0.177187215225405,2010_0162
C:\Users\dario.marino5\Documents\R\proc-OLP_2010_0171 COM_COM(2010)0309_EN.docx,0.0798276002648494,2010_0171
C:\Users\dario.marino5\Documents\R\proc-OLP_2010_0175 COM_COM(2010)0325_EN.docx,-0.0130606117698694,2010_0175
C:\Users\dario.marino5\Documents\R\proc-OLP_2010_0183 COM_COM(2010)0336_EN.docx,0.121066064615509,2010_0183
C:\Users\dario.marino5\Documents\R\proc-OLP_2010_0192 COM_COM(2010)0358_EN.docx,0.11680904653693,2010_0192
C:\Users\dario.marino5\Documents\R\proc-OLP_2010_0197 COM_COM(2010)0344_EN.docx,0.0684406074919258,2010_0197
C:\Users\dario.marino5\Documents\R\proc-OLP_2010_0199 COM_COM(2010)0371_EN.docx,0.103161487451084,2010_0199
C:\Users\dario.marino5\Documents\R\proc-OLP_2010_0204 COM_COM(2010)0377_EN.docx,0.0956893080268666,2010_0204
C:\Users\dario.marino5\Documents\R\proc-OLP_2010_0209 COM_COM(2010)0378_EN.docx,0.143136723868879,2010_0209
C:\Users\dario.marino5\Documents\R\proc-OLP_2010_0210 COM_COM(2010)0379_EN.docx,0.160951803676743,2010_0210
C:\Users\dario.marino5\Documents\R\proc-OLP_2010_0212 COM_COM(2010)0395_EN.docx,0.170493426322166,2010_0212
C:\Users\dario.marino5\Documents\R\proc-OLP_2010_0215 COM_COM(2010)0392_EN.docx,0.0948007870025147,2010_0215
C:\Users\dario.marino5\Documents\R\proc-OLP_2010_0232 COM_COM(2010)0433_EN.docx,0.141593398572336,2010_0232
C:\Users\dario.marino5\Documents\R\proc-OLP_2010_0246 COM_COM(2010)0473_EN.docx,0.0819233979134039,2010_0246
C:\Users\dario.marino5\Documents\R\proc-OLP_2010_0250 COM_COM(2010)0484_EN.docx,0.1239376338246,2010_0250
C:\Users\dario.marino5\Documents\R\proc-OLP_2010_0251 COM_COM(2010)0482_EN.docx,0.107111513030765,2010_0251
C:\Users\dario.marino5\Documents\R\proc-OLP_2010_0252 COM_COM(2010)0471_EN.docx,0.233977409314471,2010_0252
C:\Users\dario.marino5\Documents\R\proc-OLP_2010_0253 COM_COM(2010)0475_EN.docx,0.113058035934607,2010_0253
C:\Users\dario.marino5\Documents\R\proc-OLP_2010_0254 COM_COM(2010)0490_EN.docx,0.130489062728839,2010_0254
C:\Users\dario.marino5\Documents\R\proc-OLP_2010_0255 COM_COM(2010)0488_EN.docx,0.175547375618922,2010_0255
C:\Users\dario.marino5\Documents\R\proc-OLP_2010_0256 COM_COM(2010)0498_EN.docx,0.118950691561218,2010_0256
C:\Users\dario.marino5\Documents\R\proc-OLP_2010_0257 COM_COM(2010)0494_EN.docx,0.195398809851383,2010_0257
C:\Users\dario.marino5\Documents\R\proc-OLP_2010_0258 COM_COM(2010)0505_EN.docx,0.110909076210171,2010_0258
C:\Users\dario.marino5\Documents\R\proc-OLP_2010_0266 COM_COM(2010)0537_EN.docx,0.1767016348376,2010_0266
C:\Users\dario.marino5\Documents\R\proc-OLP_2010_0267 COM_COM(2010)0539_EN.docx,0.169841323103115,2010_0267
C:\Users\dario.marino5\Documents\R\proc-OLP_2010_0271 COM_COM(2010)0542_EN.docx,0.184399930542016,2010_0271
C:\Users\dario.marino5\Documents\R\proc-OLP_2010_0273 COM_COM(2010)0517_EN.docx,0.0623162604998803,2010_0273
C:\Users\dario.marino5\Documents\R\proc-OLP_2010_0275 COM_COM(2010)0521_EN.docx,0.117994160689058,2010_0275
C:\Users\dario.marino5\Documents\R\proc-OLP_2010_0279 COM_COM(2010)0525_EN.docx,0.0783264260847016,2010_0279
C:\Users\dario.marino5\Documents\R\proc-OLP_2010_0282 COM_COM(2010)0550_EN.docx,0.113882105795751,2010_0282
C:\Users\dario.marino5\Documents\R\proc-OLP_2010_0289 COM_COM(2010)0552(COR1)_EN.docx,0.0631495902907134,2010_0289
C:\Users\dario.marino5\Documents\R\proc-OLP_2010_0298 COM_COM(2010)0597_EN.docx,0.133553035095011,2010_0298
C:\Users\dario.marino5\Documents\R\proc-OLP_2010_0301 COM_COM(2010)0607_EN.docx,0.085853690101298,2010_0301
C:\Users\dario.marino5\Documents\R\proc-OLP_2010_0303 COM_COM(2010)0611_EN.docx,0.165433113446445,2010_0303
C:\Users\dario.marino5\Documents\R\proc-OLP_2010_0325 COM_COM(2010)0662_EN.docx,0.119377998579023,2010_0325
C:\Users\dario.marino5\Documents\R\proc-OLP_2010_0353 COM_COM(2010)0733_EN.docx,0.177196441429583,2010_0353
C:\Users\dario.marino5\Documents\R\proc-OLP_2010_0362 COM_COM(2010)0728_EN.docx,0.140076253096048,2010_0362
C:\Users\dario.marino5\Documents\R\proc-OLP_2010_0363 COM_COM(2010)0726_EN.docx,0.0916669179696527,2010_0363
C:\Users\dario.marino5\Documents\R\proc-OLP_2010_0364 COM_COM(2010)0759_EN.docx,0.0993375085840066,2010_0364
C:\Users\dario.marino5\Documents\R\proc-OLP_2010_0365 COM_COM(2010)0745_EN.docx,0.12861122260065,2010_0365
C:\Users\dario.marino5\Documents\R\proc-OLP_2010_0366 COM_COM(2010)0761_EN.docx,0.11746276882676,2010_0366
C:\Users\dario.marino5\Documents\R\proc-OLP_2010_0368 COM_COM(2010)0764_EN.docx,0.0411769911436626,2010_0368
C:\Users\dario.marino5\Documents\R\proc-OLP_2010_0369 COM_COM(2010)0765_EN.docx,0.0490527356525852,2010_0369
C:\Users\dario.marino5\Documents\R\proc-OLP_2010_0370 COM_COM(2010)0767_EN.docx,0.197987695752341,2010_0370
C:\Users\dario.marino5\Documents\R\proc-OLP_2010_0372 COM_COM(2010)0772_EN.docx,0.149359446890235,2010_0372
C:\Users\dario.marino5\Documents\R\proc-OLP_2010_0373 COM_COM(2010)0775_EN.docx,0.0969955300439092,2010_0373
C:\Users\dario.marino5\Documents\R\proc-OLP_2010_0374 COM_COM(2010)0774_EN.docx,0.0853781656665547,2010_0374
C:\Users\dario.marino5\Documents\R\proc-OLP_2010_0377 COM_COM(2010)0781_EN.docx,0.0766226054391007,2010_0377
C:\Users\dario.marino5\Documents\R\proc-OLP_2010_0380 COM_COM(2010)0794_EN.docx,0.118307974941002,2010_0380
C:\Users\dario.marino5\Documents\R\proc-OLP_2010_0383 COM_COM(2010)0748_EN.docx,0.126660759368023,2010_0383
C:\Users\dario.marino5\Documents\R\proc-OLP_2010_0390 COM_COM(2010)0804_EN.docx,0.20103570280326,2010_0390
C:\Users\dario.marino5\Documents\R\proc-OLP_2010_0392 COM_COM(2010)0807_EN.docx,0.130574659045977,2010_0392
C:\Users\dario.marino5\Documents\R\proc-OLP_2011_0001 COM_COM(2010)0791_EN.docx,0.141273521375398,2011_0001
C:\Users\dario.marino5\Documents\R\proc-OLP_2011_0002 COM_COM(2011)0001_EN.docx,0.13432848140505,2011_0002
C:\Users\dario.marino5\Documents\R\proc-OLP_2011_0006 COM_COM(2011)0008_EN.docx,0.127911038057344,2011_0006
C:\Users\dario.marino5\Documents\R\proc-OLP_2011_0011 COM_COM(2011)0029_EN.docx,0.109584503868492,2011_0011
C:\Users\dario.marino5\Documents\R\proc-OLP_2011_0014 COM_COM(2011)0034_EN.docx,0.134465787078055,2011_0014
C:\Users\dario.marino5\Documents\R\proc-OLP_2011_0023 COM_COM(2011)0032_EN.docx,0.0459084701410366,2011_0023
C:\Users\dario.marino5\Documents\R\proc-OLP_2011_0038 COM_COM(2011)0079_EN.docx,0.117649273456931,2011_0038
C:\Users\dario.marino5\Documents\R\proc-OLP_2011_0039 COM_COM(2011)0082_EN.docx,0.049794728698183,2011_0039
C:\Users\dario.marino5\Documents\R\proc-OLP_2011_0051 COM_COM(2011)0118_EN.docx,0.126578383168671,2011_0051
C:\Users\dario.marino5\Documents\R\proc-OLP_2011_0062 COM_COM(2011)0142_EN.docx,0.186546159007686,2011_0062
C:\Users\dario.marino5\Documents\R\proc-OLP_2011_0093 COM_COM(2011)0215_EN.docx,0.157273345424174,2011_0093
C:\Users\dario.marino5\Documents\R\proc-OLP_2011_0105 COM_COM(2011)0245_EN.docx,0.119105809212246,2011_0105
C:\Users\dario.marino5\Documents\R\proc-OLP_2011_0129 COM_COM(2011)0275_EN.docx,0.0591041730548652,2011_0129
C:\Users\dario.marino5\Documents\R\proc-OLP_2011_0130 COM_COM(2011)0276_EN.docx,0.181600707341996,2011_0130
C:\Users\dario.marino5\Documents\R\proc-OLP_2011_0131 COM_COM(2011)0295_EN.docx,0.11933256784311,2011_0131
C:\Users\dario.marino5\Documents\R\proc-OLP_2011_0135 COM_COM(2011)0288_EN.docx,0.146708459734783,2011_0135
C:\Users\dario.marino5\Documents\R\proc-OLP_2011_0136 COM_COM(2011)0289_EN.docx,0.143832452351781,2011_0136
C:\Users\dario.marino5\Documents\R\proc-OLP_2011_0138 COM_COM(2011)0290(COR1)_EN.docx,0.0843124859885526,2011_0138
C:\Users\dario.marino5\Documents\R\proc-OLP_2011_0144 COM_COM(2011)0330_EN.docx,0.0707634674949645,2011_0144
C:\Users\dario.marino5\Documents\R\proc-OLP_2011_0150 COM_COM(2011)0315_EN.docx,0.157632248067055,2011_0150
C:\Users\dario.marino5\Documents\R\proc-OLP_2011_0153 COM_COM(2011)0349_EN.docx,0.0809722365622026,2011_0153
C:\Users\dario.marino5\Documents\R\proc-OLP_2011_0154 COM_COM(2011)0326_EN.docx,0.0952351275838879,2011_0154
C:\Users\dario.marino5\Documents\R\proc-OLP_2011_0156 COM_COM(2011)0353_EN.docx,0.176008229347111,2011_0156
C:\Users\dario.marino5\Documents\R\proc-OLP_2011_0169 COM_COM(2011)0384_EN.docx,0.14871595185793,2011_0169
C:\Users\dario.marino5\Documents\R\proc-OLP_2011_0172 COM_COM(2011)0370_EN.docx,0.19890998415651,2011_0172
C:\Users\dario.marino5\Documents\R\proc-OLP_2011_0187 COM_COM(2011)0402(COR1)_EN.docx,0.13838467207171,2011_0187
C:\Users\dario.marino5\Documents\R\proc-OLP_2011_0190 COM_COM(2011)0439_EN.docx,0.167427495427395,2011_0190
C:\Users\dario.marino5\Documents\R\proc-OLP_2011_0194 COM_COM(2011)0416_EN.docx,0.12406215016988,2011_0194
C:\Users\dario.marino5\Documents\R\proc-OLP_2011_0195 COM_COM(2011)0425_EN.docx,0.238772546126285,2011_0195
C:\Users\dario.marino5\Documents\R\proc-OLP_2011_0196 COM_COM(2011)0451_EN.docx,0.119668782558556,2011_0196
C:\Users\dario.marino5\Documents\R\proc-OLP_2011_0197 COM_COM(2011)0456_EN.docx,0.107199099759406,2011_0197
C:\Users\dario.marino5\Documents\R\proc-OLP_2011_0203 COM_COM(2011)0453_EN.docx,0.137550581710307,2011_0203
C:\Users\dario.marino5\Documents\R\proc-OLP_2011_0204 COM_COM(2011)0445_EN.docx,0.119125957504034,2011_0204
C:\Users\dario.marino5\Documents\R\proc-OLP_2011_0206 COM_COM(2011)0470_EN.docx,0.140860930980166,2011_0206
C:\Users\dario.marino5\Documents\R\proc-OLP_2011_0209 COM_COM(2011)0481_EN.docx,0.089365027637442,2011_0209
C:\Users\dario.marino5\Documents\R\proc-OLP_2011_0211 COM_COM(2011)0482_EN.docx,0.108563830263072,2011_0211
C:\Users\dario.marino5\Documents\R\proc-OLP_2011_0212 COM_COM(2011)0484_EN.docx,0.106599456313312,2011_0212
C:\Users\dario.marino5\Documents\R\proc-OLP_2011_0218 COM_COM(2011)0479_EN.docx,0.0892793060374304,2011_0218
C:\Users\dario.marino5\Documents\R\proc-OLP_2011_0223 COM_COM(2011)0516_EN.docx,0.0762907978393807,2011_0223
C:\Users\dario.marino5\Documents\R\proc-OLP_2011_0226 COM_COM(2011)0522_EN.docx,0.17009435074632,2011_0226
C:\Users\dario.marino5\Documents\R\proc-OLP_2011_0228 COM_COM(2011)0524_EN.docx,0.0658286205613196,2011_0228
C:\Users\dario.marino5\Documents\R\proc-OLP_2011_0229 COM_COM(2011)0525_EN.docx,0.127627788402388,2011_0229
C:\Users\dario.marino5\Documents\R\proc-OLP_2011_0231 COM_COM(2011)0530_EN.docx,0.151706046515586,2011_0231
C:\Users\dario.marino5\Documents\R\proc-OLP_2011_0238 COM_COM(2011)0540_EN.docx,0.178941206830937,2011_0238
C:\Users\dario.marino5\Documents\R\proc-OLP_2011_0239 COM_COM(2011)0555_EN.docx,0.126874687479774,2011_0239
C:\Users\dario.marino5\Documents\R\proc-OLP_2011_0242 COM_COM(2011)0560_EN.docx,0.104356630026492,2011_0242
C:\Users\dario.marino5\Documents\R\proc-OLP_2011_0243 COM_COM(2011)0566_EN.docx,0.08064786984219,2011_0243
C:\Users\dario.marino5\Documents\R\proc-OLP_2011_0260 COM_COM(2011)0598_EN.docx,0.09859150901946,2011_0260
C:\Users\dario.marino5\Documents\R\proc-OLP_2011_0262 COM_COM(2011)0600_EN.docx,0.0688504563331031,2011_0262
C:\Users\dario.marino5\Documents\R\proc-OLP_2011_0263 COM_COM(2011)0599_EN.docx,0.071703628965688,2011_0263
C:\Users\dario.marino5\Documents\R\proc-OLP_2011_0268 COM_COM(2011)0607(COR1)_EN.docx,0.180289854339682,2011_0268
C:\Users\dario.marino5\Documents\R\proc-OLP_2011_0269 COM_COM(2011)0608_EN.docx,0.130493941241151,2011_0269
C:\Users\dario.marino5\Documents\R\proc-OLP_2011_0272 COM_COM(2011)0610(COR1)_EN.docx,0.10522200860209,2011_0272
C:\Users\dario.marino5\Documents\R\proc-OLP_2011_0273 COM_COM(2011)0611(COR1)_EN.docx,0.192492380822196,2011_0273
C:\Users\dario.marino5\Documents\R\proc-OLP_2011_0274 COM_COM(2011)0612(COR1)_EN.docx,0.199371086668389,2011_0274
C:\Users\dario.marino5\Documents\R\proc-OLP_2011_0275 COM_COM(2011)0614_EN.docx,0.204896919263929,2011_0275
C:\Users\dario.marino5\Documents\R\proc-OLP_2011_0276 COM_COM(2011)0615(COR1)_EN.docx,0.185548356373841,2011_0276
C:\Users\dario.marino5\Documents\R\proc-OLP_2011_0280 COM_COM(2011)0625(COR2)_EN.docx,0.133914221648655,2011_0280
C:\Users\dario.marino5\Documents\R\proc-OLP_2011_0281 COM_COM(2011)0626(COR2)_EN.docx,0.13074947622808,2011_0281
C:\Users\dario.marino5\Documents\R\proc-OLP_2011_0282 COM_COM(2011)0627(COR2)_EN.docx,0.18529418458719,2011_0282
C:\Users\dario.marino5\Documents\R\proc-OLP_2011_0283 COM_COM(2011)0655_EN.docx,0.0566412980626621,2011_0283
C:\Users\dario.marino5\Documents\R\proc-OLP_2011_0285 COM_COM(2011)0631_EN.docx,0.113031482590389,2011_0285
C:\Users\dario.marino5\Documents\R\proc-OLP_2011_0286 COM_COM(2011)0630_EN.docx,0.116772202920881,2011_0286
C:\Users\dario.marino5\Documents\R\proc-OLP_2011_0288 COM_COM(2011)0628(COR1)_EN.docx,0.125202168059875,2011_0288
C:\Users\dario.marino5\Documents\R\proc-OLP_2011_0294 COM_COM(2011)0650(COR2)_EN.docx,0.204000372514693,2011_0294
C:\Users\dario.marino5\Documents\R\proc-OLP_2011_0295 COM_COM(2011)0651_EN.docx,0.0928883142360177,2011_0295
C:\Users\dario.marino5\Documents\R\proc-OLP_2011_0296 COM_COM(2011)0652_EN.docx,0.141028583697446,2011_0296
C:\Users\dario.marino5\Documents\R\proc-OLP_2011_0297 COM_COM(2011)0654_EN.docx,-0.0310538829228059,2011_0297
C:\Users\dario.marino5\Documents\R\proc-OLP_2011_0299 COM_COM(2011)0657_EN.docx,0.217835524569996,2011_0299
C:\Users\dario.marino5\Documents\R\proc-OLP_2011_0302 COM_COM(2011)0665(COR2)_EN.docx,0.162085622880736,2011_0302
C:\Users\dario.marino5\Documents\R\proc-OLP_2011_0307 COM_COM(2011)0683_EN.docx,0.153708969676635,2011_0307
C:\Users\dario.marino5\Documents\R\proc-OLP_2011_0308 COM_COM(2011)0684_EN.docx,0.0989609782926663,2011_0308
C:\Users\dario.marino5\Documents\R\proc-OLP_2011_0309 COM_COM(2011)0688_EN.docx,0.136977165336701,2011_0309
C:\Users\dario.marino5\Documents\R\proc-OLP_2011_0310 COM_COM(2011)0704_EN.docx,0.0998248441820787,2011_0310
C:\Users\dario.marino5\Documents\R\proc-OLP_2011_0339 COM_COM(2011)0709_EN.docx,0.206293411279679,2011_0339
C:\Users\dario.marino5\Documents\R\proc-OLP_2011_0340 COM_COM(2011)0707_EN.docx,0.186836019452341,2011_0340
C:\Users\dario.marino5\Documents\R\proc-OLP_2011_0344 COM_COM(2011)0758_EN.docx,0.16305626289663,2011_0344
C:\Users\dario.marino5\Documents\R\proc-OLP_2011_0345 COM_COM(2011)0760_EN.docx,0.118046009857093,2011_0345
C:\Users\dario.marino5\Documents\R\proc-OLP_2011_0349 COM_COM(2011)0771_EN.docx,0.14460283090782,2011_0349
C:\Users\dario.marino5\Documents\R\proc-OLP_2011_0350 COM_COM(2011)0768_EN.docx,0.11733016155327,2011_0350
C:\Users\dario.marino5\Documents\R\proc-OLP_2011_0351 COM_COM(2011)0765_EN.docx,0.118756046251092,2011_0351
C:\Users\dario.marino5\Documents\R\proc-OLP_2011_0352 COM_COM(2011)0766_EN.docx,0.143040783852294,2011_0352
C:\Users\dario.marino5\Documents\R\proc-OLP_2011_0354 COM_COM(2011)0770_EN.docx,0.216653207567083,2011_0354
C:\Users\dario.marino5\Documents\R\proc-OLP_2011_0356 COM_COM(2011)0772_EN.docx,0.146384530467517,2011_0356
C:\Users\dario.marino5\Documents\R\proc-OLP_2011_0357 COM_COM(2011)0773_EN.docx,0.111802037020962,2011_0357
C:\Users\dario.marino5\Documents\R\proc-OLP_2011_0358 COM_COM(2011)0764_EN.docx,0.153841708605069,2011_0358
C:\Users\dario.marino5\Documents\R\proc-OLP_2011_0359 COM_COM(2011)0779_EN.docx,0.182679538752804,2011_0359
C:\Users\dario.marino5\Documents\R\proc-OLP_2011_0365 COM_COM(2011)0750_EN.docx,0.159019311758331,2011_0365
C:\Users\dario.marino5\Documents\R\proc-OLP_2011_0366 COM_COM(2011)0751_EN.docx,0.210922702125594,2011_0366
C:\Users\dario.marino5\Documents\R\proc-OLP_2011_0367 COM_COM(2011)0752_EN.docx,0.153555339451961,2011_0367
C:\Users\dario.marino5\Documents\R\proc-OLP_2011_0368 COM_COM(2011)0753_EN.docx,0.151180560373313,2011_0368
C:\Users\dario.marino5\Documents\R\proc-OLP_2011_0369 COM_COM(2011)0759_EN.docx,0.143680151089089,2011_0369
C:\Users\dario.marino5\Documents\R\proc-OLP_2011_0370 COM_COM(2011)0785_EN.docx,0.241295424683893,2011_0370
C:\Users\dario.marino5\Documents\R\proc-OLP_2011_0371 COM_COM(2011)0788_EN.docx,0.225464758352988,2011_0371
C:\Users\dario.marino5\Documents\R\proc-OLP_2011_0372 COM_COM(2011)0789_EN.docx,0.16197526542733,2011_0372
C:\Users\dario.marino5\Documents\R\proc-OLP_2011_0373 COM_COM(2011)0793_EN.docx,0.141802283931021,2011_0373
C:\Users\dario.marino5\Documents\R\proc-OLP_2011_0374 COM_COM(2011)0794_EN.docx,0.0718368139186031,2011_0374
C:\Users\dario.marino5\Documents\R\proc-OLP_2011_0380 COM_COM(2011)0804_EN.docx,0.221554882294928,2011_0380
C:\Users\dario.marino5\Documents\R\proc-OLP_2011_0384 COM_COM(2011)0817_EN.docx,0.202108487309608,2011_0384
C:\Users\dario.marino5\Documents\R\proc-OLP_2011_0387 COM_COM(2011)0822_EN.docx,0.357122122753605,2011_0387
C:\Users\dario.marino5\Documents\R\proc-OLP_2011_0389 COM_COM(2011)0778_EN.docx,0.172097463686457,2011_0389
C:\Users\dario.marino5\Documents\R\proc-OLP_2011_0391 COM_COM(2011)0827(COR1)_EN.docx,0.126109136167289,2011_0391
C:\Users\dario.marino5\Documents\R\proc-OLP_2011_0397 COM_COM(2011)0824_EN.docx,0.169913094376145,2011_0397
C:\Users\dario.marino5\Documents\R\proc-OLP_2011_0401 COM_COM(2011)0809_EN.docx,0.316744091443465,2011_0401
C:\Users\dario.marino5\Documents\R\proc-OLP_2011_0404 COM_COM(2011)0838_EN.docx,0.22944158570051,2011_0404
C:\Users\dario.marino5\Documents\R\proc-OLP_2011_0405 COM_COM(2011)0839_EN.docx,0.232205210036274,2011_0405
C:\Users\dario.marino5\Documents\R\proc-OLP_2011_0406 COM_COM(2011)0840_EN.docx,0.239083830365066,2011_0406
C:\Users\dario.marino5\Documents\R\proc-OLP_2011_0409 COM_COM(2011)0856_EN.docx,0.0649989254714415,2011_0409
C:\Users\dario.marino5\Documents\R\proc-OLP_2011_0411 COM_COM(2011)0843_EN.docx,0.230111919158856,2011_0411
C:\Users\dario.marino5\Documents\R\proc-OLP_2011_0412 COM_COM(2011)0844_EN.docx,0.214039731872634,2011_0412
C:\Users\dario.marino5\Documents\R\proc-OLP_2011_0413 COM_COM(2011)0845_EN.docx,0.141837475468631,2011_0413
C:\Users\dario.marino5\Documents\R\proc-OLP_2011_0416 COM_COM(2011)0855_EN.docx,0.136081019218824,2011_0416
C:\Users\dario.marino5\Documents\R\proc-OLP_2011_0417 COM_COM(2011)0860_EN.docx,0.221809855657018,2011_0417
C:\Users\dario.marino5\Documents\R\proc-OLP_2011_0430 COM_COM(2011)0877_EN.docx,0.240677508351197,2011_0430
C:\Users\dario.marino5\Documents\R\proc-OLP_2011_0434 COM_COM(2011)0888_EN.docx,0.231348210007184,2011_0434
C:\Users\dario.marino5\Documents\R\proc-OLP_2011_0435 COM_COM(2011)0883_EN.docx,0.190674055681847,2011_0435
C:\Users\dario.marino5\Documents\R\proc-OLP_2011_0437 COM_COM(2011)0897_EN.docx,0.102431510947405,2011_0437
C:\Users\dario.marino5\Documents\R\proc-OLP_2011_0440 COM_COM(2011)0903_EN.docx,0.16676288349323,2011_0440
C:\Users\dario.marino5\Documents\R\proc-OLP_2011_0442 COM_COM(2011)0905_EN.docx,0.153321595531988,2011_0442
C:\Users\dario.marino5\Documents\R\proc-OLP_2011_0454 COM_COM(2011)0914_EN.docx,0.132128272182872,2011_0454
C:\Users\dario.marino5\Documents\R\proc-OLP_2011_0455 COM_COM(2011)0890_EN.docx,0.107760310036206,2011_0455
C:\Users\dario.marino5\Documents\R\proc-OLP_2011_0459 COM_COM(2011)0928_EN.docx,0.204319342208389,2011_0459
C:\Users\dario.marino5\Documents\R\proc-OLP_2011_0465 COM_COM(2011)0938_EN.docx,0.0674741952785911,2011_0465
C:\Users\dario.marino5\Documents\R\proc-OLP_2012_0003 COM_COM(2012)0015_EN.docx,0.102245976493065,2012_0003
C:\Users\dario.marino5\Documents\R\proc-OLP_2012_0010 COM_COM(2012)0010_EN.docx,0.18416793074522,2012_0010
C:\Users\dario.marino5\Documents\R\proc-OLP_2012_0011 COM_COM(2012)0011_EN.docx,0.153610924255932,2012_0011
C:\Users\dario.marino5\Documents\R\proc-OLP_2012_0025 COM_COM(2012)0052_EN.docx,0.0835509820333534,2012_0025
C:\Users\dario.marino5\Documents\R\proc-OLP_2012_0035 COM_COM(2012)0084_EN.docx,0.114821725597345,2012_0035
C:\Users\dario.marino5\Documents\R\proc-OLP_2012_0042 COM_COM(2012)0093_EN.docx,0.141444186598917,2012_0042
C:\Users\dario.marino5\Documents\R\proc-OLP_2012_0049 COM_COM(2012)0109_EN.docx,0.198466613853921,2012_0049
C:\Users\dario.marino5\Documents\R\proc-OLP_2012_0055 COM_COM(2012)0118_EN.docx,0.0881194924601968,2012_0055
C:\Users\dario.marino5\Documents\R\proc-OLP_2012_0061 COM_COM(2012)0131_EN.docx,0.170399683328334,2012_0061
C:\Users\dario.marino5\Documents\R\proc-OLP_2012_0065 COM_COM(2012)0134_EN.docx,0.164385719509084,2012_0065
C:\Users\dario.marino5\Documents\R\proc-OLP_2012_0077 COM_COM(2012)0155_EN.docx,0.117353289108753,2012_0077
C:\Users\dario.marino5\Documents\R\proc-OLP_2012_0084 COM_COM(2012)0167_EN.docx,0.206260322913712,2012_0084
C:\Users\dario.marino5\Documents\R\proc-OLP_2012_0150 COM_COM(2012)0280_EN.docx,0.122905942152644,2012_0150
C:\Users\dario.marino5\Documents\R\proc-OLP_2012_0158 COM_COM(2012)0298_EN.docx,0.0472037276378254,2012_0158
C:\Users\dario.marino5\Documents\R\proc-OLP_2012_0162 COM_COM(2012)0332_EN.docx,0.141339479667114,2012_0162
C:\Users\dario.marino5\Documents\R\proc-OLP_2012_0168 COM_COM(2012)0350_EN.docx,0.10061933712885,2012_0168
C:\Users\dario.marino5\Documents\R\proc-OLP_2012_0169 COM_COM(2012)0352_EN.docx,0.148956909680373,2012_0169
C:\Users\dario.marino5\Documents\R\proc-OLP_2012_0180 COM_COM(2012)0372_EN.docx,0.156310879618527,2012_0180
C:\Users\dario.marino5\Documents\R\proc-OLP_2012_0185 COM_COM(2012)0381_EN.docx,0.110776037005161,2012_0185
C:\Users\dario.marino5\Documents\R\proc-OLP_2012_0192 COM_COM(2012)0369_EN.docx,0.104814202387741,2012_0192
C:\Users\dario.marino5\Documents\R\proc-OLP_2012_0193 COM_COM(2012)0363_EN.docx,-0.00105195797514372,2012_0193
C:\Users\dario.marino5\Documents\R\proc-OLP_2012_0196 COM_COM(2012)0403_EN.docx,0.0602615155939255,2012_0196
C:\Users\dario.marino5\Documents\R\proc-OLP_2012_0201 COM_COM(2012)0413_EN.docx,0.103125425334481,2012_0201
C:\Users\dario.marino5\Documents\R\proc-OLP_2012_0232 COM_COM(2012)0471_EN.docx,0.125496405726799,2012_0232
C:\Users\dario.marino5\Documents\R\proc-OLP_2012_0236 COM_COM(2012)0498_EN.docx,0.0815679899467721,2012_0236
C:\Users\dario.marino5\Documents\R\proc-OLP_2012_0237 COM_COM(2012)0499_EN.docx,0.145304972710102,2012_0237
C:\Users\dario.marino5\Documents\R\proc-OLP_2012_0244 COM_COM(2012)0512_EN.docx,0.153552372047217,2012_0244
C:\Users\dario.marino5\Documents\R\proc-OLP_2012_0245 COM_COM(2012)0514_EN.docx,0.262551277516565,2012_0245
C:\Users\dario.marino5\Documents\R\proc-OLP_2012_0250 COM_COM(2012)0521_EN.docx,0.0933670047565683,2012_0250
C:\Users\dario.marino5\Documents\R\proc-OLP_2012_0260 COM_COM(2012)0530_EN.docx,0.179033324852898,2012_0260
C:\Users\dario.marino5\Documents\R\proc-OLP_2012_0261 COM_COM(2012)0548_EN.docx,0.119975742324824,2012_0261
C:\Users\dario.marino5\Documents\R\proc-OLP_2012_0266 COM_COM(2012)0542_EN.docx,0.131359060711568,2012_0266
C:\Users\dario.marino5\Documents\R\proc-OLP_2012_0267 COM_COM(2012)0541_EN.docx,0.150630499888178,2012_0267
C:\Users\dario.marino5\Documents\R\proc-OLP_2012_0278 COM_COM(2012)0576_EN.docx,0.253023121860493,2012_0278
C:\Users\dario.marino5\Documents\R\proc-OLP_2012_0283 COM_COM(2012)0584_EN.docx,0.136446647036665,2012_0283
C:\Users\dario.marino5\Documents\R\proc-OLP_2012_0295 COM_COM(2012)0617(COR1)_EN.docx,0.0964970371175654,2012_0295
C:\Users\dario.marino5\Documents\R\proc-OLP_2012_0299 COM_COM(2012)0614_EN.docx,0.202867322647624,2012_0299
C:\Users\dario.marino5\Documents\R\proc-OLP_2012_0309 COM_COM(2012)0650_EN.docx,0.0926901243483036,2012_0309
C:\Users\dario.marino5\Documents\R\proc-OLP_2012_0328 COM_COM(2012)0697_EN.docx,0.193231820673385,2012_0328
C:\Users\dario.marino5\Documents\R\proc-OLP_2012_0340 COM_COM(2012)0721_EN.docx,0.168838223508879,2012_0340
C:\Users\dario.marino5\Documents\R\proc-OLP_2012_0360 COM_COM(2012)0744_EN.docx,0.0793872929575001,2012_0360
C:\Users\dario.marino5\Documents\R\proc-OLP_2012_0366 COM_COM(2012)0788_EN.docx,0.064189143909492,2012_0366
C:\Users\dario.marino5\Documents\R\proc-OLP_2013_0007 COM_COM(2013)0009_EN.docx,0.0644226153542724,2013_0007
C:\Users\dario.marino5\Documents\R\proc-OLP_2013_0012 COM_COM(2013)0018_EN.docx,0.142625134860366,2013_0012
C:\Users\dario.marino5\Documents\R\proc-OLP_2013_0013 COM_COM(2013)0026_EN.docx,0.0374222973361875,2013_0013
C:\Users\dario.marino5\Documents\R\proc-OLP_2013_0014 COM_COM(2013)0027_EN.docx,0.183807998629246,2013_0014
C:\Users\dario.marino5\Documents\R\proc-OLP_2013_0015 COM_COM(2013)0030_EN.docx,0.132612958144985,2013_0015
C:\Users\dario.marino5\Documents\R\proc-OLP_2013_0022 COM_COM(2013)0040_EN.docx,0.110200439051981,2013_0022
C:\Users\dario.marino5\Documents\R\proc-OLP_2013_0024 COM_COM(2013)0044_EN.docx,0.10035906051222,2013_0024
C:\Users\dario.marino5\Documents\R\proc-OLP_2013_0028 COM_COM(2013)0028_EN.docx,0.180020747344658,2013_0028
C:\Users\dario.marino5\Documents\R\proc-OLP_2013_0062 COM_COM(2013)0102_EN.docx,0.127948985608561,2013_0062
C:\Users\dario.marino5\Documents\R\proc-OLP_2013_0064 COM_COM(2013)0107_EN.docx,0.118957613166567,2013_0064
C:\Users\dario.marino5\Documents\R\proc-OLP_2013_0072 COM_COM(2013)0130_EN.docx,0.0702793168176711,2013_0072
C:\Users\dario.marino5\Documents\R\proc-OLP_2013_0081 COM_COM(2013)0151_EN.docx,0.138589668412669,2013_0081
C:\Users\dario.marino5\Documents\R\proc-OLP_2013_0082 COM_COM(2013)0153_EN.docx,0.123760778191643,2013_0082
C:\Users\dario.marino5\Documents\R\proc-OLP_2013_0087 COM_COM(2013)0159_EN.docx,0.0854899148420918,2013_0087
C:\Users\dario.marino5\Documents\R\proc-OLP_2013_0088 COM_COM(2013)0161_EN.docx,0.12116280942304,2013_0088
C:\Users\dario.marino5\Documents\R\proc-OLP_2013_0092 COM_COM(2013)0174_EN.docx,0.18560003476941,2013_0092
C:\Users\dario.marino5\Documents\R\proc-OLP_2013_0099 COM_COM(2013)0187_EN.docx,0.0607122272929843,2013_0099
C:\Users\dario.marino5\Documents\R\proc-OLP_2013_0103 COM_COM(2013)0192_EN.docx,0.0700645963770313,2013_0103
C:\Users\dario.marino5\Documents\R\proc-OLP_2013_0106 COM_COM(2013)0197_EN.docx,0.115095204183818,2013_0106
C:\Users\dario.marino5\Documents\R\proc-OLP_2013_0117 COM_COM(2013)0226_EN.docx,0.10105572127511,2013_0117
C:\Users\dario.marino5\Documents\R\proc-OLP_2013_0128 COM_COM(2013)0242_EN.docx,0.158321735347169,2013_0128
C:\Users\dario.marino5\Documents\R\proc-OLP_2013_0150 COM_COM(2013)0288_EN.docx,0.0901362481401247,2013_0150
C:\Users\dario.marino5\Documents\R\proc-OLP_2013_0152 COM_COM(2013)0293_EN.docx,0.157165217371128,2013_0152
C:\Users\dario.marino5\Documents\R\proc-OLP_2013_0164 COM_COM(2013)0312_EN.docx,0.16169044178063,2013_0164
C:\Users\dario.marino5\Documents\R\proc-OLP_2013_0165 COM_COM(2013)0316_EN.docx,0.126667559058614,2013_0165
C:\Users\dario.marino5\Documents\R\proc-OLP_2013_0166 COM_COM(2013)0315_EN.docx,0.147042245770404,2013_0166
C:\Users\dario.marino5\Documents\R\proc-OLP_2013_0185 COM_COM(2013)0404_EN.docx,-0.0203580225844492,2013_0185
C:\Users\dario.marino5\Documents\R\proc-OLP_2013_0186 COM_COM(2020)0579_EN.docx,0.237160231238014,2013_0186
C:\Users\dario.marino5\Documents\R\proc-OLP_2013_0202 COM_COM(2013)0430_EN.docx,0.237274365607603,2013_0202
C:\Users\dario.marino5\Documents\R\proc-OLP_2013_0213 COM_COM(2013)0449_EN.docx,0.184968533272622,2013_0213
C:\Users\dario.marino5\Documents\R\proc-OLP_2013_0221 COM_COM(2013)0471_EN.docx,0.111776995761559,2013_0221
C:\Users\dario.marino5\Documents\R\proc-OLP_2013_0222 COM_COM(2013)0472_EN.docx,0.0839304996631962,2013_0222
C:\Users\dario.marino5\Documents\R\proc-OLP_2013_0243 COM_COM(2013)0498_EN.docx,0.185271367956628,2013_0243
C:\Users\dario.marino5\Documents\R\proc-OLP_2013_0246 COM_COM(2013)0512_EN.docx,0.122884747974336,2013_0246
C:\Users\dario.marino5\Documents\R\proc-OLP_2013_0248 COM_COM(2013)0522_EN.docx,0.0905696503258579,2013_0248
C:\Users\dario.marino5\Documents\R\proc-OLP_2013_0253 COM_COM(2013)0520_EN.docx,0.113763657985742,2013_0253
C:\Users\dario.marino5\Documents\R\proc-OLP_2013_0268 COM_COM(2013)0554_EN.docx,0.158877663827658,2013_0268
C:\Users\dario.marino5\Documents\R\proc-OLP_2013_0278 COM_COM(2013)0578_EN.docx,0.160674733160757,2013_0278
C:\Users\dario.marino5\Documents\R\proc-OLP_2013_0279 COM_COM(2013)0579_EN.docx,0.125521691265945,2013_0279
C:\Users\dario.marino5\Documents\R\proc-OLP_2013_0402 COM_COM(2013)0813_EN.docx,0.113970978430682,2013_0402
C:\Users\dario.marino5\Documents\R\proc-OLP_2013_0416 COM_COM(2013)0860_EN.docx,0.180981320422199,2013_0416
C:\Users\dario.marino5\Documents\R\proc-OLP_2014_0217 COM_COM(2014)0465(COR1)_EN.docx,0.123586945411196,2014_0217
C:\Users\dario.marino5\Documents\R\proc-OLP_2014_0218 COM_COM(2014)0476_EN.docx,0.134712648711067,2014_0218
C:\Users\dario.marino5\Documents\R\proc-OLP_2014_0268 COM_COM(2014)0581_EN.docx,0.166455522318716,2014_0268
C:\Users\dario.marino5\Documents\R\proc-OLP_2014_0346 COM_COM(2014)0724_EN.docx,0.149888483499133,2014_0346
C:\Users\dario.marino5\Documents\R\proc-OLP_2015_0009 COM_COM(2015)0010_EN.docx,0.198670198111551,2015_0009
C:\Users\dario.marino5\Documents\R\proc-OLP_2015_0079 COM_COM(2015)0154_EN.docx,0.0760778663588276,2015_0079
C:\Users\dario.marino5\Documents\R\proc-OLP_2015_0090 COM_COM(2015)0174_EN.docx,0.124639679352002,2015_0090
C:\Users\dario.marino5\Documents\R\proc-OLP_2015_0133 COM_COM(2015)0294_EN.docx,0.193428119294736,2015_0133
C:\Users\dario.marino5\Documents\R\proc-OLP_2015_0134 COM_COM(2015)0303_EN.docx,0.156662208890768,2015_0134
C:\Users\dario.marino5\Documents\R\proc-OLP_2015_0218 COM_COM(2015)0460_EN.docx,0.0734126708452454,2015_0218
C:\Users\dario.marino5\Documents\R\proc-OLP_2015_0239 COM_COM(2015)0496(ANN)_EN.docx,0.111910248886747,2015_0239
C:\Users\dario.marino5\Documents\R\proc-OLP_2015_0269 COM_COM(2015)0750_EN.docx,0.00241217458243938,2015_0269
C:\Users\dario.marino5\Documents\R\proc-OLP_2015_0272 COM_COM(2015)0593_EN.docx,0.0982627022705842,2015_0272
C:\Users\dario.marino5\Documents\R\proc-OLP_2015_0274 COM_COM(2015)0594_EN.docx,0.0602080541938063,2015_0274
C:\Users\dario.marino5\Documents\R\proc-OLP_2015_0275 COM_COM(2015)0595(ANN)_EN.docx,-0.0296100623676124,2015_0275
C:\Users\dario.marino5\Documents\R\proc-OLP_2015_0276 COM_COM(2015)0596(ANN)_EN.docx,-0.0272125082222744,2015_0276
C:\Users\dario.marino5\Documents\R\proc-OLP_2015_0277 COM_COM(2015)0613(ANN)_EN.docx,0.215648377698531,2015_0277
C:\Users\dario.marino5\Documents\R\proc-OLP_2015_0278 COM_COM(2015)0615(ANN)_EN.docx,0.296013186208664,2015_0278
C:\Users\dario.marino5\Documents\R\proc-OLP_2015_0287 COM_COM(2015)0634_EN.docx,0.158550601859463,2015_0287
C:\Users\dario.marino5\Documents\R\proc-OLP_2015_0288 COM_COM(2015)0635_EN.docx,0.156176587030499,2015_0288
C:\Users\dario.marino5\Documents\R\proc-OLP_2015_0306 COM_COM(2015)0668(ANN)_EN.docx,0.0667500674988384,2015_0306
C:\Users\dario.marino5\Documents\R\proc-OLP_2015_0308 COM_COM(2015)0669_EN.docx,0.15933577626072,2015_0308
C:\Users\dario.marino5\Documents\R\proc-OLP_2015_0310 COM_COM(2015)0671(ANN)_EN.docx,0.0164871313497473,2015_0310
C:\Users\dario.marino5\Documents\R\proc-OLP_2015_0313 COM_COM(2015)0667_EN.docx,0.188695229976694,2015_0313
C:\Users\dario.marino5\Documents\R\proc-OLP_2016_0002 COM_COM(2016)0007_EN.docx,0.113982952619561,2016_0002
C:\Users\dario.marino5\Documents\R\proc-OLP_2016_0014 COM_COM(2016)0031(ANN)_EN.docx,0.106662439538978,2016_0014
C:\Users\dario.marino5\Documents\R\proc-OLP_2016_0029 COM_COM(2016)0044(ANN)_EN.docx,0.000458557415564116,2016_0029
C:\Users\dario.marino5\Documents\R\proc-OLP_2016_0030 COM_COM(2016)0052(ANN)_EN.docx,0.0833882248738687,2016_0030
C:\Users\dario.marino5\Documents\R\proc-OLP_2016_0031 COM_COM(2016)0053_EN.docx,0.151380396788361,2016_0031
C:\Users\dario.marino5\Documents\R\proc-OLP_2016_0033 COM_COM(2016)0056_EN.docx,0.116939676060554,2016_0033
C:\Users\dario.marino5\Documents\R\proc-OLP_2016_0050 COM_COM(2016)0082(ANN)_EN.docx,0.268321413829599,2016_0050
C:\Users\dario.marino5\Documents\R\proc-OLP_2016_0064 COM_COM(2016)0113_EN.docx,0.046334167529041,2016_0064
C:\Users\dario.marino5\Documents\R\proc-OLP_2016_0070 COM_COM(2016)0128_EN.docx,0.164082750351638,2016_0070
C:\Users\dario.marino5\Documents\R\proc-OLP_2016_0074 COM_COM(2016)0134_EN.docx,0.119344386194625,2016_0074
C:\Users\dario.marino5\Documents\R\proc-OLP_2016_0075 COM_COM(2016)0142_EN.docx,0.116163966094412,2016_0075
C:\Users\dario.marino5\Documents\R\proc-OLP_2016_0084 COM_COM(2016)0157_EN.docx,0.140689586683481,2016_0084
C:\Users\dario.marino5\Documents\R\proc-OLP_2016_0107 COM_COM(2016)0198_EN.docx,0.111513807582252,2016_0107
C:\Users\dario.marino5\Documents\R\proc-OLP_2016_0125 COM_COM(2016)0236_EN.docx,0.11202070939636,2016_0125
C:\Users\dario.marino5\Documents\R\proc-OLP_2016_0130 COM_COM(2016)0248_EN.docx,0.151506730675725,2016_0130
C:\Users\dario.marino5\Documents\R\proc-OLP_2016_0142 COM_COM(2016)0290_EN.docx,0.0560596512178664,2016_0142
C:\Users\dario.marino5\Documents\R\proc-OLP_2016_0145 COM_COM(2016)0273_EN.docx,0.121473149384315,2016_0145
C:\Users\dario.marino5\Documents\R\proc-OLP_2016_0148 COM_COM(2016)0283_EN.docx,0.0702927399815242,2016_0148
C:\Users\dario.marino5\Documents\R\proc-OLP_2016_0149 COM_COM(2016)0285_EN.docx,0.146758387171124,2016_0149
C:\Users\dario.marino5\Documents\R\proc-OLP_2016_0159 COM_COM(2016)0317_EN.docx,0.0518716652855223,2016_0159
C:\Users\dario.marino5\Documents\R\proc-OLP_2016_0176 COM_COM(2016)0378_EN.docx,0.155168520339785,2016_0176
C:\Users\dario.marino5\Documents\R\proc-OLP_2016_0186 COM_COM(2016)0400_EN.docx,0.130147259233131,2016_0186
C:\Users\dario.marino5\Documents\R\proc-OLP_2016_0198 COM_COM(2016)0434_EN.docx,0.148898714391507,2016_0198
C:\Users\dario.marino5\Documents\R\proc-OLP_2016_0207 COM_COM(2016)0447_EN.docx,0.184074982237026,2016_0207
C:\Users\dario.marino5\Documents\R\proc-OLP_2016_0208 COM_COM(2016)0450_EN.docx,0.173625838781104,2016_0208
C:\Users\dario.marino5\Documents\R\proc-OLP_2016_0218 COM_COM(2016)0460_EN.docx,0.0927171066838299,2016_0218
C:\Users\dario.marino5\Documents\R\proc-OLP_2016_0221 COM_COM(2016)0461_EN.docx,0.164334228005848,2016_0221
C:\Users\dario.marino5\Documents\R\proc-OLP_2016_0230 COM_COM(2016)0479_EN.docx,0.119254707822006,2016_0230
C:\Users\dario.marino5\Documents\R\proc-OLP_2016_0231 COM_COM(2016)0482_EN.docx,0.133169538255342,2016_0231
C:\Users\dario.marino5\Documents\R\proc-OLP_2016_0254 COM_COM(2016)0528_EN.docx,0.145770063758622,2016_0254
C:\Users\dario.marino5\Documents\R\proc-OLP_2016_0256 COM_COM(2016)0531_EN.docx,0.13004895231742,2016_0256
C:\Users\dario.marino5\Documents\R\proc-OLP_2016_0257 COM_COM(2016)0532_EN.docx,0.14161418664641,2016_0257
C:\Users\dario.marino5\Documents\R\proc-OLP_2016_0264 COM_COM(2016)0551_EN.docx,0.167698481629483,2016_0264
C:\Users\dario.marino5\Documents\R\proc-OLP_2016_0265 COM_COM(2016)0557_EN.docx,0.195936250900037,2016_0265
C:\Users\dario.marino5\Documents\R\proc-OLP_2016_0278 COM_COM(2016)0596_EN.docx,0.193063381970901,2016_0278
C:\Users\dario.marino5\Documents\R\proc-OLP_2016_0279 COM_COM(2016)0595_EN.docx,0.187534823594716,2016_0279
C:\Users\dario.marino5\Documents\R\proc-OLP_2016_0280 COM_COM(2016)0593_EN.docx,0.190611273877657,2016_0280
C:\Users\dario.marino5\Documents\R\proc-OLP_2016_0281 COM_COM(2016)0586_EN.docx,0.231089308971744,2016_0281
C:\Users\dario.marino5\Documents\R\proc-OLP_2016_0284 COM_COM(2016)0594_EN.docx,0.171803425894885,2016_0284
C:\Users\dario.marino5\Documents\R\proc-OLP_2016_0287 COM_COM(2016)0589_EN.docx,0.166669784061979,2016_0287
C:\Users\dario.marino5\Documents\R\proc-OLP_2016_0304 COM_COM(2016)0625_EN.docx,0.295955894302138,2016_0304
C:\Users\dario.marino5\Documents\R\proc-OLP_2016_0308 COM_COM(2016)0631_EN.docx,0.141980082490567,2016_0308
C:\Users\dario.marino5\Documents\R\proc-OLP_2016_0325 COM_COM(2016)0662_EN.docx,0.219067458704582,2016_0325
C:\Users\dario.marino5\Documents\R\proc-OLP_2016_0351 COM_COM(2016)0721_EN.docx,0.0768724314785301,2016_0351
C:\Users\dario.marino5\Documents\R\proc-OLP_2016_0359 COM_COM(2016)0723_EN.docx,0.0696243972006434,2016_0359
C:\Users\dario.marino5\Documents\R\proc-OLP_2016_0361 COM_COM(2016)0851_EN.docx,0.1211662842214,2016_0361
C:\Users\dario.marino5\Documents\R\proc-OLP_2016_0362 COM_COM(2016)0852_EN.docx,0.103241448824879,2016_0362
C:\Users\dario.marino5\Documents\R\proc-OLP_2016_0363 COM_COM(2016)0853_EN.docx,0.0374254710163704,2016_0363
C:\Users\dario.marino5\Documents\R\proc-OLP_2016_0365 COM_COM(2016)0856(ANN)_EN.docx,0.133578633592327,2016_0365
C:\Users\dario.marino5\Documents\R\proc-OLP_2016_0368 COM_COM(2016)0745_EN.docx,0.0887076325999326,2016_0368
C:\Users\dario.marino5\Documents\R\proc-OLP_2016_0377 COM_COM(2016)0862(ANN)_EN.docx,0.106845999355713,2016_0377
C:\Users\dario.marino5\Documents\R\proc-OLP_2016_0381 COM_COM(2016)0765(ANN)_EN.docx,0.20929973615667,2016_0381
C:\Users\dario.marino5\Documents\R\proc-OLP_2016_0384 COM_COM(2016)0778_EN.docx,0.108596493572089,2016_0384
C:\Users\dario.marino5\Documents\R\proc-OLP_2016_0389 COM_COM(2016)0786(ANN)_EN.docx,0.0662660614544253,2016_0389
C:\Users\dario.marino5\Documents\R\proc-OLP_2016_0392 COM_COM(2016)0750(ANN)_EN.docx,0.151896353702737,2016_0392
C:\Users\dario.marino5\Documents\R\proc-OLP_2016_0393 COM_COM(2016)0788_EN.docx,0.098143383223844,2016_0393
C:\Users\dario.marino5\Documents\R\proc-OLP_2016_0394 COM_COM(2016)0789_EN.docx,0.0736478159578736,2016_0394
C:\Users\dario.marino5\Documents\R\proc-OLP_2016_0399 COM_COM(2016)0798(ANN)_EN.docx,0.0889078540711956,2016_0399
C:\Users\dario.marino5\Documents\R\proc-OLP_2016_0404 COM_COM(2016)0822(COR1)_EN.docx,0.21708172594475,2016_0404
C:\Users\dario.marino5\Documents\R\proc-OLP_2016_0413 COM_COM(2016)0825(ANN)_EN.docx,0.0864287490599486,2016_0413
C:\Users\dario.marino5\Documents\R\proc-OLP_2016_0414 COM_COM(2016)0826_EN.docx,-0.0119728200939481,2016_0414
C:\Users\dario.marino5\Documents\R\proc-OLP_2017_0002 COM_COM(2017)0008_EN.docx,0.15793696646142,2017_0002
C:\Users\dario.marino5\Documents\R\proc-OLP_2017_0007 COM_COM(2017)0014_EN.docx,0.194565018714718,2017_0007
C:\Users\dario.marino5\Documents\R\proc-OLP_2017_0015 COM_COM(2017)0047(ANN)_EN.docx,0.11680643118321,2017_0015
C:\Users\dario.marino5\Documents\R\proc-OLP_2017_0017 COM_COM(2017)0054_EN.docx,0.202432059209813,2017_0017
C:\Users\dario.marino5\Documents\R\proc-OLP_2017_0048 COM_COM(2017)0114(ANN)_EN.docx,0.0779806289171446,2017_0048
C:\Users\dario.marino5\Documents\R\proc-OLP_2017_0060 COM_COM(2017)0136_EN.docx,0.166112152023911,2017_0060
C:\Users\dario.marino5\Documents\R\proc-OLP_2017_0085 COM_COM(2017)0253_EN.docx,0.205811737474955,2017_0085
C:\Users\dario.marino5\Documents\R\proc-OLP_2017_0086 COM_COM(2017)0256_EN.docx,0.211381934246717,2017_0086
C:\Users\dario.marino5\Documents\R\proc-OLP_2017_0090 COM_COM(2017)0208_EN.docx,0.137429395778238,2017_0090
C:\Users\dario.marino5\Documents\R\proc-OLP_2017_0102 COM_COM(2017)0262_EN.docx,0.273558921204313,2017_0102
C:\Users\dario.marino5\Documents\R\proc-OLP_2017_0111 COM_COM(2017)0279_EN.docx,0.165761259607149,2017_0111
C:\Users\dario.marino5\Documents\R\proc-OLP_2017_0116 COM_COM(2017)0289_EN.docx,0.0594228879882328,2017_0116
C:\Users\dario.marino5\Documents\R\proc-OLP_2017_0121 COM_COM(2017)0278_EN.docx,0.101096873054794,2017_0121
C:\Users\dario.marino5\Documents\R\proc-OLP_2017_0122 COM_COM(2017)0277_EN.docx,0.111327361873146,2017_0122
C:\Users\dario.marino5\Documents\R\proc-OLP_2017_0123 COM_COM(2017)0281_EN.docx,0.0966598402838768,2017_0123
C:\Users\dario.marino5\Documents\R\proc-OLP_2017_0125 COM_COM(2017)0294_EN.docx,0.167979694646935,2017_0125
C:\Users\dario.marino5\Documents\R\proc-OLP_2017_0128 COM_COM(2017)0280_EN.docx,0.0855389370457071,2017_0128
C:\Users\dario.marino5\Documents\R\proc-OLP_2017_0136 COM_COM(2017)0331_EN.docx,0.111710540974423,2017_0136
C:\Users\dario.marino5\Documents\R\proc-OLP_2017_0143 COM_COM(2017)0343_EN.docx,0.172624991210842,2017_0143
C:\Users\dario.marino5\Documents\R\proc-OLP_2017_0144 COM_COM(2017)0344_EN.docx,0.117935421969392,2017_0144
C:\Users\dario.marino5\Documents\R\proc-OLP_2017_0145 COM_COM(2017)0352_EN.docx,0.169256925638529,2017_0145
C:\Users\dario.marino5\Documents\R\proc-OLP_2017_0158 COM_COM(2017)0375_EN.docx,0.136622628102072,2017_0158
C:\Users\dario.marino5\Documents\R\proc-OLP_2017_0163 COM_COM(2017)0385_EN.docx,0.148465846926055,2017_0163
C:\Users\dario.marino5\Documents\R\proc-OLP_2017_0189 COM_COM(2017)0422_EN.docx,0.0793208433788441,2017_0189
C:\Users\dario.marino5\Documents\R\proc-OLP_2017_0219 COM_COM(2017)0481_EN.docx,0.17526844086901,2017_0219
C:\Users\dario.marino5\Documents\R\proc-OLP_2017_0220 COM_COM(2017)0482_EN.docx,0.153471812250931,2017_0220
C:\Users\dario.marino5\Documents\R\proc-OLP_2017_0224 COM_COM(2017)0487_EN.docx,0.105890707860693,2017_0224
C:\Users\dario.marino5\Documents\R\proc-OLP_2017_0225 COM_COM(2017)0477_EN.docx,0.177400134036864,2017_0225
C:\Users\dario.marino5\Documents\R\proc-OLP_2017_0226 COM_COM(2017)0489_EN.docx,0.031252539864479,2017_0226
C:\Users\dario.marino5\Documents\R\proc-OLP_2017_0230 COM_COM(2017)0536_EN.docx,0.101091119474674,2017_0230
C:\Users\dario.marino5\Documents\R\proc-OLP_2017_0231 COM_COM(2017)0537_EN.docx,0.137314180236778,2017_0231
C:\Users\dario.marino5\Documents\R\proc-OLP_2017_0232 COM_COM(2017)0538_EN.docx,0.106223256935609,2017_0232
C:\Users\dario.marino5\Documents\R\proc-OLP_2017_0242 COM_COM(2017)0559_EN.docx,0.173039673344794,2017_0242
C:\Users\dario.marino5\Documents\R\proc-OLP_2017_0245 COM_COM(2017)0571_EN.docx,0.0714821761954278,2017_0245
C:\Users\dario.marino5\Documents\R\proc-OLP_2017_0288 COM_COM(2017)0647_EN.docx,0.100459401580171,2017_0288
C:\Users\dario.marino5\Documents\R\proc-OLP_2017_0290 COM_COM(2017)0648_EN.docx,0.146879250973323,2017_0290
C:\Users\dario.marino5\Documents\R\proc-OLP_2017_0291 COM_COM(2017)0653_EN.docx,0.201069656317542,2017_0291
C:\Users\dario.marino5\Documents\R\proc-OLP_2017_0293 COM_COM(2017)0676_EN.docx,0.153125316777856,2017_0293
C:\Users\dario.marino5\Documents\R\proc-OLP_2017_0294 COM_COM(2017)0660_EN.docx,0.138544196867382,2017_0294
C:\Users\dario.marino5\Documents\R\proc-OLP_2017_0297 COM_COM(2017)0643_EN.docx,0.156039402584532,2017_0297
C:\Users\dario.marino5\Documents\R\proc-OLP_2017_0309 COM_COM(2017)0772_EN.docx,0.185974372604727,2017_0309
C:\Users\dario.marino5\Documents\R\proc-OLP_2017_0329 COM_COM(2017)0742_EN.docx,0.0585753221864489,2017_0329
C:\Users\dario.marino5\Documents\R\proc-OLP_2017_0332 COM_COM(2017)0753_EN.docx,0.147105440116055,2017_0332
C:\Users\dario.marino5\Documents\R\proc-OLP_2017_0334 COM_COM(2017)0825_EN.docx,0.224330955230091,2017_0334
C:\Users\dario.marino5\Documents\R\proc-OLP_2017_0351 COM_COM(2017)0793_EN.docx,0.140199816779491,2017_0351
C:\Users\dario.marino5\Documents\R\proc-OLP_2017_0352 COM_COM(2017)0794_EN.docx,0.141537392367256,2017_0352
C:\Users\dario.marino5\Documents\R\proc-OLP_2017_0353 COM_COM(2017)0795_EN.docx,0.121021734152223,2017_0353
C:\Users\dario.marino5\Documents\R\proc-OLP_2017_0354 COM_COM(2017)0796_EN.docx,0.206182484406351,2017_0354
C:\Users\dario.marino5\Documents\R\proc-OLP_2017_0355 COM_COM(2017)0797_EN.docx,0.164868927429908,2017_0355
C:\Users\dario.marino5\Documents\R\proc-OLP_2017_0358 COM_COM(2017)0791_EN.docx,0.133711458165118,2017_0358
C:\Users\dario.marino5\Documents\R\proc-OLP_2017_0359 COM_COM(2017)0790_EN.docx,0.0940340426046846,2017_0359
C:\Users\dario.marino5\Documents\R\proc-OLP_2018_0012 COM_COM(2018)0033_EN.docx,0.0619245381847855,2018_0012
C:\Users\dario.marino5\Documents\R\proc-OLP_2018_0018 COM_COM(2018)0051_EN.docx,0.193585199036004,2018_0018
C:\Users\dario.marino5\Documents\R\proc-OLP_2018_0040 COM_COM(2018)0085_EN.docx,0.126547841193976,2018_0040
C:\Users\dario.marino5\Documents\R\proc-OLP_2018_0041 COM_COM(2018)0092_EN.docx,0.160675529717173,2018_0041
C:\Users\dario.marino5\Documents\R\proc-OLP_2018_0042 COM_COM(2018)0093_EN.docx,0.168542595872056,2018_0042
C:\Users\dario.marino5\Documents\R\proc-OLP_2018_0043 COM_COM(2018)0094_EN.docx,0.157094188737394,2018_0043
C:\Users\dario.marino5\Documents\R\proc-OLP_2018_0044 COM_COM(2018)0096_EN.docx,0.0861083935545934,2018_0044
C:\Users\dario.marino5\Documents\R\proc-OLP_2018_0045 COM_COM(2018)0110_EN.docx,0.137788051801446,2018_0045
C:\Users\dario.marino5\Documents\R\proc-OLP_2018_0047 COM_COM(2018)0099_EN.docx,0.10878947343438,2018_0047
C:\Users\dario.marino5\Documents\R\proc-OLP_2018_0048 COM_COM(2018)0113_EN.docx,0.0975951116218201,2018_0048
C:\Users\dario.marino5\Documents\R\proc-OLP_2018_0050 COM_COM(2018)0115_EN.docx,0.150834454047048,2018_0050
C:\Users\dario.marino5\Documents\R\proc-OLP_2018_0058 COM_COM(2018)0127_EN.docx,0.189128949151863,2018_0058
C:\Users\dario.marino5\Documents\R\proc-OLP_2018_0060 COM_COM(2018)0134_EN.docx,0.115364739136158,2018_0060
C:\Users\dario.marino5\Documents\R\proc-OLP_2018_0061 COM_COM(2018)0252_EN.docx,0.106280978519902,2018_0061
C:\Users\dario.marino5\Documents\R\proc-OLP_2018_0064 COM_COM(2018)0131_EN.docx,0.195206797251937,2018_0064
C:\Users\dario.marino5\Documents\R\proc-OLP_2018_0069 COM_COM(2018)0143_EN.docx,0.0232419214624033,2018_0069
C:\Users\dario.marino5\Documents\R\proc-OLP_2018_0070 COM_COM(2018)0144_EN.docx,0.187417438841352,2018_0070
C:\Users\dario.marino5\Documents\R\proc-OLP_2018_0074 COM_COM(2018)0149_EN.docx,0.149582197495272,2018_0074
C:\Users\dario.marino5\Documents\R\proc-OLP_2018_0076 COM_COM(2018)0163_EN.docx,0.12368342988493,2018_0076
C:\Users\dario.marino5\Documents\R\proc-OLP_2018_0081 COM_COM(2018)0171_EN.docx,0.147309853778264,2018_0081
C:\Users\dario.marino5\Documents\R\proc-OLP_2018_0082 COM_COM(2018)0173_EN.docx,0.105800192256731,2018_0082
C:\Users\dario.marino5\Documents\R\proc-OLP_2018_0088 COM_COM(2018)0179_EN.docx,0.180419438976283,2018_0088
C:\Users\dario.marino5\Documents\R\proc-OLP_2018_0089 COM_COM(2018)0184_EN.docx,0.165656968768225,2018_0089
C:\Users\dario.marino5\Documents\R\proc-OLP_2018_0090 COM_COM(2018)0185_EN.docx,0.130783524193709,2018_0090
C:\Users\dario.marino5\Documents\R\proc-OLP_2018_0103 COM_COM(2018)0209_EN.docx,0.0912114429666683,2018_0103
C:\Users\dario.marino5\Documents\R\proc-OLP_2018_0104 COM_COM(2018)0212_EN.docx,0.164478497930553,2018_0104
C:\Users\dario.marino5\Documents\R\proc-OLP_2018_0105 COM_COM(2018)0213_EN.docx,0.138305661139853,2018_0105
C:\Users\dario.marino5\Documents\R\proc-OLP_2018_0106 COM_COM(2018)0218_EN.docx,0.158821998203986,2018_0106
C:\Users\dario.marino5\Documents\R\proc-OLP_2018_0109 COM_COM(2018)0229_EN.docx,0.140084353615544,2018_0109
C:\Users\dario.marino5\Documents\R\proc-OLP_2018_0111 COM_COM(2018)0234_EN.docx,0.275412217635462,2018_0111
C:\Users\dario.marino5\Documents\R\proc-OLP_2018_0112 COM_COM(2018)0238_EN.docx,0.13737946676953,2018_0112
C:\Users\dario.marino5\Documents\R\proc-OLP_2018_0113 COM_COM(2018)0239_EN.docx,0.154290773029454,2018_0113
C:\Users\dario.marino5\Documents\R\proc-OLP_2018_0114 COM_COM(2018)0241_EN.docx,0.137175576212727,2018_0114
C:\Users\dario.marino5\Documents\R\proc-OLP_2018_0129 COM_COM(2018)0274_EN.docx,0.240969943598292,2018_0129
C:\Users\dario.marino5\Documents\R\proc-OLP_2018_0130 COM_COM(2018)0275_EN.docx,0.217391684244523,2018_0130
C:\Users\dario.marino5\Documents\R\proc-OLP_2018_0136 COM_COM(2018)0324_EN.docx,0.136362393936693,2018_0136
C:\Users\dario.marino5\Documents\R\proc-OLP_2018_0138 COM_COM(2018)0277_EN.docx,0.224694073025044,2018_0138
C:\Users\dario.marino5\Documents\R\proc-OLP_2018_0139 COM_COM(2018)0278_EN.docx,0.159303434170179,2018_0139
C:\Users\dario.marino5\Documents\R\proc-OLP_2018_0140 COM_COM(2018)0279_EN.docx,0.1881833168906,2018_0140
C:\Users\dario.marino5\Documents\R\proc-OLP_2018_0142 COM_COM(2018)0289_EN.docx,0.142034973070617,2018_0142
C:\Users\dario.marino5\Documents\R\proc-OLP_2018_0143 COM_COM(2018)0284_EN.docx,0.12653139149339,2018_0143
C:\Users\dario.marino5\Documents\R\proc-OLP_2018_0145 COM_COM(2018)0286_EN.docx,0.216307788103801,2018_0145
C:\Users\dario.marino5\Documents\R\proc-OLP_2018_0148 COM_COM(2018)0296_EN.docx,0.162328850256394,2018_0148
C:\Users\dario.marino5\Documents\R\proc-OLP_2018_0153 COM_COM(2018)0303_EN.docx,0.191175588204562,2018_0153
C:\Users\dario.marino5\Documents\R\proc-OLP_2018_0154 COM_COM(2018)0307_EN.docx,0.175002365126425,2018_0154
C:\Users\dario.marino5\Documents\R\proc-OLP_2018_0161 COM_COM(2018)0317_EN.docx,0.129021536597988,2018_0161
C:\Users\dario.marino5\Documents\R\proc-OLP_2018_0162 COM_COM(2018)0315_EN.docx,0.177777381093246,2018_0162
C:\Users\dario.marino5\Documents\R\proc-OLP_2018_0170 COM_COM(2018)0338_EN.docx,0.128896514595241,2018_0170
C:\Users\dario.marino5\Documents\R\proc-OLP_2018_0171 COM_COM(2018)0339_EN.docx,0.0534127983434515,2018_0171
C:\Users\dario.marino5\Documents\R\proc-OLP_2018_0172 COM_COM(2018)0340_EN.docx,0.131965292998462,2018_0172
C:\Users\dario.marino5\Documents\R\proc-OLP_2018_0180 COM_COM(2018)0355_EN.docx,0.22580704131142,2018_0180
C:\Users\dario.marino5\Documents\R\proc-OLP_2018_0189 COM_COM(2018)0365_EN.docx,0.165953182472098,2018_0189
C:\Users\dario.marino5\Documents\R\proc-OLP_2018_0190 COM_COM(2018)0366_EN.docx,0.293161069275434,2018_0190
C:\Users\dario.marino5\Documents\R\proc-OLP_2018_0191 COM_COM(2018)0367_EN.docx,0.251381983020639,2018_0191
C:\Users\dario.marino5\Documents\R\proc-OLP_2018_0196 COM_COM(2018)0375_EN.docx,0.153611821359759,2018_0196
C:\Users\dario.marino5\Documents\R\proc-OLP_2018_0197 COM_COM(2018)0372_EN.docx,0.221959384381036,2018_0197
C:\Users\dario.marino5\Documents\R\proc-OLP_2018_0198 COM_COM(2018)0373_EN.docx,0.172276728396457,2018_0198
C:\Users\dario.marino5\Documents\R\proc-OLP_2018_0199 COM_COM(2018)0374_EN.docx,0.180674543461474,2018_0199
C:\Users\dario.marino5\Documents\R\proc-OLP_2018_0203 COM_COM(2018)0378_EN.docx,0.204116988679161,2018_0203
C:\Users\dario.marino5\Documents\R\proc-OLP_2018_0204 COM_COM(2018)0379_EN.docx,0.177920932572347,2018_0204
C:\Users\dario.marino5\Documents\R\proc-OLP_2018_0205 COM_COM(2018)0381_EN.docx,0.159681270481285,2018_0205
C:\Users\dario.marino5\Documents\R\proc-OLP_2018_0206 COM_COM(2018)0382_EN.docx,0.208635717455928,2018_0206
C:\Users\dario.marino5\Documents\R\proc-OLP_2018_0209 COM_COM(2018)0385_EN.docx,0.208544478215577,2018_0209
C:\Users\dario.marino5\Documents\R\proc-OLP_2018_0210 COM_COM(2018)0390_EN.docx,0.207169395575947,2018_0210
C:\Users\dario.marino5\Documents\R\proc-OLP_2018_0211 COM_COM(2018)0386_EN.docx,0.131024594574251,2018_0211
C:\Users\dario.marino5\Documents\R\proc-OLP_2018_0220 COM_COM(2018)0397_EN.docx,0.244299132702949,2018_0220
C:\Users\dario.marino5\Documents\R\proc-OLP_2018_0243 COM_COM(2018)0460_EN.docx,0.216890808289305,2018_0243
C:\Users\dario.marino5\Documents\R\proc-OLP_2018_0247 COM_COM(2018)0465_EN.docx,0.196740207645705,2018_0247
C:\Users\dario.marino5\Documents\R\proc-OLP_2018_0248 COM_COM(2018)0471_EN.docx,0.212076421929096,2018_0248
C:\Users\dario.marino5\Documents\R\proc-OLP_2018_0249 COM_COM(2018)0473_EN.docx,0.20197774888318,2018_0249
C:\Users\dario.marino5\Documents\R\proc-OLP_2018_0250 COM_COM(2018)0472_EN.docx,0.172677198382147,2018_0250
C:\Users\dario.marino5\Documents\R\proc-OLP_2018_0254 COM_COM(2018)0476_EN.docx,0.181077457073049,2018_0254
C:\Users\dario.marino5\Documents\R\proc-OLP_2018_0258 COM_COM(2018)0474_EN.docx,0.162213307815902,2018_0258
C:\Users\dario.marino5\Documents\R\proc-OLP_2018_0298 COM_COM(2018)0567_EN.docx,0.137748702039255,2018_0298
C:\Users\dario.marino5\Documents\R\proc-OLP_2018_0299 COM_COM(2018)0568_EN.docx,0.171703174315272,2018_0299
C:\Users\dario.marino5\Documents\R\proc-OLP_2018_0304 COM_COM(2018)0577_EN.docx,0.0664986531032342,2018_0304
C:\Users\dario.marino5\Documents\R\proc-OLP_2018_0322 COM_COM(2018)0614_EN.docx,0.116391769615836,2018_0322
C:\Users\dario.marino5\Documents\R\proc-OLP_2018_0328 COM_COM(2018)0630_EN.docx,0.240921406003052,2018_0328
C:\Users\dario.marino5\Documents\R\proc-OLP_2018_0331 COM_COM(2018)0640_EN.docx,0.144988884482967,2018_0331
C:\Users\dario.marino5\Documents\R\proc-OLP_2018_0332 COM_COM(2018)0639_EN.docx,0.126570770978469,2018_0332
C:\Users\dario.marino5\Documents\R\proc-OLP_2018_0336 COM_COM(2018)0636_EN.docx,0.143258489700321,2018_0336
C:\Users\dario.marino5\Documents\R\proc-OLP_2018_0371 COM_COM(2018)0719_EN.docx,0.199454856734528,2018_0371
C:\Users\dario.marino5\Documents\R\proc-OLP_2018_0385 COM_COM(2018)0744_EN.docx,0.169589482216068,2018_0385
C:\Users\dario.marino5\Documents\R\proc-OLP_2018_0390 COM_COM(2018)0745_EN.docx,0.131170614795224,2018_0390
C:\Users\dario.marino5\Documents\R\proc-OLP_2018_0433 COM_COM(2018)0893_EN.docx,0.114852449076839,2018_0433
C:\Users\dario.marino5\Documents\R\proc-OLP_2018_0436 COM_COM(2018)0895_EN.docx,0.135705272451393,2018_0436
C:\Users\dario.marino5\Documents\R\proc-OLP_2019_0002 COM_COM(2019)0004_EN.docx,0.117151453822588,2019_0002
C:\Users\dario.marino5\Documents\R\proc-OLP_2019_0009 COM_COM(2019)0048_EN.docx,0.0771497751669209,2019_0009
C:\Users\dario.marino5\Documents\R\proc-OLP_2019_0010 COM_COM(2019)0049_EN.docx,0.142167582168026,2019_0010
C:\Users\dario.marino5\Documents\R\proc-OLP_2019_0019 COM_COM(2019)0053_EN.docx,0.147974446316008,2019_0019
C:\Users\dario.marino5\Documents\R\proc-OLP_2019_0030 COM_COM(2019)0065_EN.docx,0.139903230527805,2019_0030
C:\Users\dario.marino5\Documents\R\proc-OLP_2019_0040 COM_COM(2019)0088_EN.docx,0.140991655317357,2019_0040
